first name,last name
Ataa,Badakhshi
Dabir,Al-Zuhairi
Basel,Karzai
Baha,Nueimat
Dhameer,Refai
Salam,Bettar
Humayd,Wahdani
Gadi,Kuzbari
Hamed,Bettar
Jameel,Zaher
Jakeem,Mustafa
Azeem,Ghanem
Homsi,Boutros
Abdul-Qahhar,Abadi
Nabighah,Maarouf
Thaqib,Hakimi
Imtiyaz,Salman
Abadi,Maalouf
Mukhtar,Sarraf
Abdul-Wahhab,Maloof
Mujahid,Sayegh
Jibran,Sabbagh
Rajab,Quraishi
Aila,Hotaki
Alea,Natsheh
Kadijah,Batlouni
Alina,Azzi
Ajlal,Nueimat
Aisha,Al-Lami
Lucine,Homsi
Maha,Kabara
Lisha,Daher
Maisha,Bishara
Lulu,Kuzbari
Majidah,Kanaan
Malika,Aswad
Siham,Izza
Hasibah,Naser
Hasibah,Kassis
Skye,Abadi
Khayriyah,Khouri
Tuqaa,Guirguis
Ismat,Shamoun
Ruwaidah,Fakhoury
Maliha,Shamoun
Farah,Hayek
Nihad,Samaha
Fadilah,Baz
Hana'i, Sharbatly
Aitor,Atxabalgoitia
Jon,Agirrebarrondo
Eneko,Ariztokieta
Andoni,Karrikaburua
Unai,Kortaxarena
Asier,Agerregarai
Iker,Etxetxipia
Gorka,Egiagarai
Iñaki,Elizagutia
Joseba,Goikosoloeta
Maider,Agirrezabalaga
Ainhoa,Dendariarena
Irati,Etxemendigarai
Idoia,Elortzaburu
Leire,Ibarrolaburu
Alaitz,Gaztelurrutia
Amaia,Gerenabarrena
Eider,Ikaztegieta
Ainara,Iturritzaga
Miren,Elorriaga
Bogomil,Ivanov
Milan,Apostolov
Boyko,Sofiyanski
Bogdan,Dzhurov
Dragan,Tasev
Grozdan,Metodiev
Momchil,Nikolov
Ognyan,Yanev
Lyuben,Katsarov
Momchil,Konstantinov
Radomir,Angelov
Nayden,Lechkov
Plamen,Grigorov
Borislav,Stoyanov
Tsvetan,Ginchev
Radoslav,Bozhilov
Stefan,Filipov
Rayko,Dimitrov
Radoslav,Chervenkov
Veselin,Iliev
Zdravko,Karaivanov
Zlatko,Maleev
Bozhidar,Petkov
Valko,Hristov
Yavor,Kostov
Bogdana,Stefanova
Boyka,Sofiyanska
Boryana,Boyanova
Blagorodna,Stoyanova
Branimira,Taseva
Grozda,Katsarova
Lyudmila,Gospodinova
Nadezhda,Konstantinova
Nedelya,Grigorova
Aneliya,Dzhurova
Nevena,Georgieva
Nadezhda,Gincheva
Rada,Mihaylova
Radoslava,Bacheva
Rayna,Bacheva
Lyubov,Apostolova
Mila,Nikolova
Milena,Stoichkova
Snezhana,Bozhilova
Stanislava,Chervenkova
Stoyanka,Ilieva
Tsvetanka,Kostova
Vyara,Kiryakova
Kalina,Georgieva
Esteve,Desvalls
Bartomeu,Collelldemont
Pere,Castellsegui
Pol,Bertolich
Ernest,Arquimbau
Enric,Argilaguet
Xavier,Serradelarca
Rafel,Tornafoch
Marc,Surinyach
Lluis,Sobregrau
Julia,Serradesanferm
Montserrat,Desriols
Marta,Reixachdamunt
Anna,Pidecabanyes
Clara,Rieradevall
Joana,Puigxoriguer
Laura,Montfulleda
Marta,Guanyavents
Sara,Folgueroles
Carme,Fontbernat
Dewei,Peng
Kuan-Yin,Tu
Qiang,Chiu
Michael,Kang
Zhen,Sung
Lei,Liao
Ah,Wang
Lok,Yüan
De,Hsieh
Bao,Guo
Hui,Ch'ien
Fai,Hsiung
Lian,Huang
Ming,Ts'ui
Jie,Ch'in
Yeow,Ke
Ning,Lu
Chris,Kuo
Wen,Chia
Shen,Mai
Yong,Chia
Feng,Yin
Jerry,Ung
Shaiming,K'ung
Shi,He
Sun,Pai
Ni,Kang
Cai,Mao
Mei-hui,Lin
Ai,Yu
Yue Ying,Jen
Qing,Ts'ao
Jiao,Niu
Xia,Ch'ien
Lei,P'an
Qi,Shih
Hua,Lung
Jun,Mai
Heng,Hsia
Yuan,Hsieh
Jiao,Chung
Ting,Niu
Bi,Kao
Na,Ting
Hong,Ts'ui
An,Ni
Qiong,Ch'ang
Genji,Tsui
Xiang,Tao
Jiang Li,Liu
Leemin,Wang
Tsai,Yang
Hank,Zoeng
Sean,Ngo
Kao,Yeh
Suchen,Lo
Lai,Chou
Cheng,Kim
Benson,Ng
Michael,Kang
Julian,Xiao
Tim,Siau
Eddie,Siau
Justin,Ong
Lu,Phoa
Chou,Cho
Jim,Gan
Vic,Chioh
Chris,Kuo
charlie,Chhi
Kao,Kim
Terry,Po
ChiMing,Hsieh
Jerry,Ung
Tain,Si
Li-hua,Li
Shu-hui,Chang
Mei-ling,Chen
Ya-ting,Huang
Hsiu-ching,Chai
Mei-hui,Lin
Chen,Tsai
Sandy,Zoeng
Shu-feng,Liu
Amy,Tsay
Joyce,Ung
Sharon,Ngo
Vivian,Kuo
Angel,Ch'iu
Wan,Lan
Ruby,Hsieh
Ai,Hung
Chingfan,Chou
Peggy,Lu
Lily,Zhuang
Lisa,Yeh
Huen,Wong
Mayung,Lam
Wang,Low
Jessica,Zhuang
Gordan,Vukelic
Nikica,Hrvatin
Teo,Marinovic
Viktor,Klobucar
Eduard,Grgic
Dean,Ivanovic
Roko,Stipanov
Vjekoslav,Jelic
Robert,Anic
Josko,Lucic
Toni,Jurkovic
Vlatko,Jovic
Tomislav,Kralj
Jurica,Debeljak
Jan,Horvat
Srecko,Posavec
Tihomir,Pavlovic
Edi,Kolar
Tomo,Petkovic
Miro,Matkovic
Tin,Jozic
Srecko,Ceh
Teo,Peric
Jadranko,Lukic
Vjekoslav,Vlasic
Zorica,Crnic
Lucija,Galic
Marica,Juric
Franka,Jurkovic
Drazenka,Anic
Katarina,Cerkez
Jagoda,Ivancic
Ana,Jaksic
Marija,Poljak
Blanka,Katic
Vlatka,Debeljak
Mirela,Ivankovic
Tajana,Luksic
Ivana,Jukic
Klara,Bosnjak
Vjekoslava,Barisic
Gabrijela,Duvnjak
Anja,Grgic
Jasna,Hrvatin
Irena,Jovanovic
Nediljka,Brajkovic
Dorotea,Ceh
Ruzica,Jovic
Sanela,Ivanovic
Ruza,Antunovic
Jiri,Polak
Jan,Macek
Petr,Konecny
Josef,Cizek
Pavel,Bures
Tomas,Kohout
Miroslav,Svoboda
Frantisek,Hanak
Vaclav,Holy
Zdenek,Dvorak
Lukas,Novacek
Vladimir,Sima
Jakub,Lukes
Ondrej,Kubat
Stanislav,Tomek
Karel,Hovorka
Michal,Formanek
Adam,Vacha
Filip,Safranek
Antonin,Zelinka
Miloslav,Sedlar
Matej,Skorepa
Vlastimil,Hybl
Milos ,Zahradnicek
Rudolf,Spousta
Marie,Markova
Hana,Cermakova
Jana,Blazkova
Vera,Kopecka
Lenka,Stastna
Katerina,Sykorova
Alena,Valentova
Jaroslava,Buresova
Ludmila,Smidova
Veronika,Stejskalova
Tereza,Horackova
Zdenka,Kozakova
Ivana,Cervenkova
Jarmila,Hrdlickova
Zuzana,Polaskova
Marcela,Kubatova
Libuse,Prikrylova
Vlasta,Divisova
Bozena,Radova
Marta,Havrankova
Alena,Jankova
Blanka,Vejvodova
Daniela,Hanzlova
Renata,Fuchsova
Anna,Michnova
Sebastian,Bertelsen
Gustav,Gregersen
Tobias,Skov
Rasmus,Bach
Malthe,Lind
Kasper,Friis
Daniel,Winther
Nicklas,Ravn
Jacob,Steffensen
David,Damgaard
Benjamin,Lauritsen
Lasse,Bertramsen
Villads,Poulsen
Christian,Overgaard
Jeppe,Koch
Bertram,Juhl
Anders,Nygaard
Jonathan,Kristoffersen
David,Hermansen
Vilads,Karlsen
Lucas,Thorsen
Aksel,Hedegaard
Peter,Busk
Lukas,Sondergaard
Willy,Nygaard
Anita,Christiansen
Isabella,Simonsen
Anette,Thomsen
Elise,Carlsen
Christel,Hansen
Alice,Olesen
Ane,Petersen
Anika,Jensen
Amalie,Larsen
Olivia,Mortensen
Birgitte,Jorgensen
Bente,Frederiksen
Heidi,Iversen
Maibritt,Andreasen
Elena,Jeppesen
Karoline,Frandsen
Bothilde,Lund
Heidi,Nielsen
Jeannette,Nielsen
Eleonora,Mogensen
Elise,Jespersen
Jensigne,Carlsen
Karoline,Vestergaard
Jeanette,Kjaer
Jeannette,Norgaard
Rolf,Van Eeuwijk
William,Reuser
Jaap,Kleefstra
Guus,Van Lingen
Wander,Wolthuis
Arnoud,Wolthuis
Hans,Van Dorssen
Peter,Westerink
Loek,Holst
Wander,Kuijken
Gerko,Peterson
Enver,Jobse
Maarten,Schalkwijk
Floris,Kregel
Flip,Schoonen
Quentin,Van Groesen
Egbert,Borsboom
Roelf,Neumann
Arnaud,Lopes
Stefan,Spel
Pieter-Bas,Scholts
Jimmy,de Graaf
Ger,Veenhuizen
Hessel,Wanders
Joep,Spel
Floris,Westerink
Sven,Schrijer
Roelf,Vanderschans
Rodney,Van Halst
Dale,Lebbink
Hakan,Kokshoorn
Jan,Scholts
Frank,Laamers
Jaap,De Graaf
Arnaud,Schoonen
Menna,Schol
Elize,Rigter
Maria,Beukema
Hilde,Eppink
Luus,Van Hoogstraten
Esme,Nuijten
Ariette,De Crom
Jacobje,Zuidwijk
Elsje,Quint
Fenna,Plant
Julia,Steen
Assia,Lammerts
Johanna,Roossien
Ilene,De Crom
Gwenda,Regter
Willeke,Bart
Justina,Melkert
Lynn,Vanderstar
Elsemiek,Gunther
Frederiek,Eppink
Laure,Claasen
Dena,Vloet
Kylie,Nolet
Tryntsje,Kuiters
Justina,Gebbink
Marloe,de Boer
Femke,Van Vossen
Monica,Krommenhoek
Fransje,Vanderschoot
Colette,Lichtenberg
Rose,Drogt
Femke,Van Nuil
Sabien,Arink
Elize,Harmsen
Ilene,Vanderstar
Marten,Ruutli
Raul,Laurits
Rauno,Leok
Reigo,Lepp
Rene,Magi
Richard,Malk
Eerik,Kotka
Robert,Keskkula
Paul,Kirsipuu
Peep,Vaher
Peeter,Vaino
Allan,Paasuke
Erik,Valjas
Kert,Jogi
Risto,Lepmets
Harri,Kalda
Georg,Kallas
Lennart,Kangur
Eero,Kross
Marten,Lohmus
Markus,Lill
Oliver,Mand
Ergo,Raud
Jaan,Valbe
Mario,Vesik
Aet,Sepp
Aada,Saar
Aile,Magi
Anu,Parn
Heidi,Koppel
Helen,Karu
Saara,Teinemaa
Kersti,Kasesalu
Kertu,Aare
Kristel,Kangro
Kristin,Orav
Kristiina,Mae
Lilli,Allik
Brita,Tamm
Irene,Kuusik
Liidia,Peetre
Jana,Pihlak
Inna,Aasmae
Helbe,Sokk
Kristi,Laar
Iris,Lepik
Kerstin,Mark
Koidu,Kallas
Aino,Rebane
Airi,Ilves
Jukka-Pekka,Enestam
Jari,Kantee
Jaakko,Isohookana
Jani,Vasala
Viljo,Kurri
Pontus,Jutila
Mauno,Kilpi
Lassi,Kalliomäki
Manu,Mallat
Juhani,Salomäki
Veli,Koivula
Antero,Tuominen
Jaakko,Yli-Sirnio 
Kalevi,Laurinen
Konsta,Koivunen
Viljo,Putkonen
Harri,Mylläri
Tommy,Somervuori
Taneli ,Kalliomäki
Stefan,Lepistö
Elias,Hyyppä
Hannes,Niemi
Kaarle,Yli-Sirniö
Miika,Wahlman
Frans,Vasala
Katri,Korhola
Ilse,Suutari-Jaasko
Taina,Hasu
Liisi,Pyysalo
Anette,Rautakorpi
Sirkka,Jantunen
Carita,Aalto
Selma,Pakarinen
Rita,Viinikainen
Carita,Hasu
Sointu,Kauppi
Annika,Mäkinen
Leila,Järvelä
Sirja,Seppälä
Oona,Leppänen
Vilma,Waltari
Noora,Linna
Marja,Kestilä
Aili,Möttölä
Emma,Reho
Tarja,Hyypiä
Karita,Puurunen
Sirkka,Salpa
Taina,Stenvall
Aurora,Repo
Noel,Belisle
Jerome,Rivard
Sebastien,Charron
Thomas,Margand
Gerard,Belisle
Gilbert,Coupart
Christophe,Beaulieu
Rene,Pelletier
David,Paulet
Lacombe,Luc
Maurice,Boule
Christian,Cartier
Fabrice,Richer
Alain,Davignon
Christian,Lacombe
Alain,Charon
Gilbert,Lacroix
Alexandre,Chauvin
Maurice,Paulet
Claude,Aupry
Theodore,Lamy
Gilbert,Bonsaint
David,Beaulieu
Philippe,Chauvin
Marcel,Paulet
Alexandre,Richer
Henri,Marquis
Raymond,Boule
Blaise,Richer
Alain,Lacombe
Claude,Chasse
Josephine,Hebert
Marie,Methot
Elisabeth,Arcouet
Danielle,Brasseur
Denise,Bourgeois
Coralie,Hetu
Audrey,Dumoulin
Nicoletta,Guibord
Ariane,Panetier
Heloise,Cartier
Camille,Brunelle
Charline,Leblanc
Isabelle,Deniger
Maureen,Labrecque
Jacqueline,Martin
Genevieve,Arcouet
Coralie,Monjeau
Bernadette,Leblanc
Arianne,Martin
Jacqueline,Grondin
Andree,Rocher
Aline,Dupuy
 Marie,Berthelette
Liane,Cormier
Denise,Lebatelier
Coralie,Duperre
Arianne,Monty
Genevieve,Plante
Camille,Cartier
Arianne,Brunelle
Annette,Flamand
Sylvie,Rocher
Bernadette,Sylvain
Brais,Verdiñas
Iago,Peirallo
Marcos,Amboade
Antón,Caneiro
Roi,Fraguela
Afonso,Vilarchán
Martiño,Arxíz
Breixo,Galáns
Xurxo,Golán
Bieito,Lorme
Uxía,Feal
Antía,Sixirei
Noa,Ervello
Mariña,Quintá
Celtia,Anes
Iria,Xamardo
Olalla,Romeu
Sabela,Veloso
Tegra,Núnez
Jonas,Baar
Jan,Sachweh
Nickolaus,Schulz
Bernd,Skopura
Karl,Kadenbach
Jakob,Anhalt
Bernhard,Kohler
Adrian,Wilske
Conrad,Kutzsche
Klaus,Buzov
Detlef,Hembrock
Friedrich ,Knerich
Conrad,Nuber
Werner,Eitner
Ernst,Loetzsch
Gabriel,Moeller
Lorenz,Otto
Immanuel,Vogel
Tyge ,Hartmann
Gebhard,Peters
Lothar,Martin
Maximilian,Tropschuh
Hanno,Simon
Xaver ,Kiefer
Niklas,Gasper
Berend,Klein
Klaus,Schroeder
Eggert,Kohler
Heiko,Krueger
Izaak,Schmitz
Ralf,Krause
Kai,Schmitt
Killian,Gunther
Christoph,Werner
Kasper,Graf
Klarissa,Wolf
Lara,Wolfe
Carla,Kobusch
Emma,Blug
Mia,Zimmermann
Adele,Meyer
Helga,Schustereit
Leonie,Briegel
Marie,Krause
Lilly,Koenig
Hannah,Weber
Hanna,Peters
Sophie,Walter
Maja,Hartmann
Alina,Moeller
Louisa,Guenther
Leni,Martin
Lea,Schneider
Brigitte,Otto
Christiane,Ingenpass
Jule,Heinrich
Elsa,Kramer
Jana,Hoffmann
Elke,Endemann
Giselle,Faber
Anna,Lange
Amala,Braun
Lena ,Koch
Laura,Becker
Lisa,Richter
Sofia,Stein
Lina,Wagner
Ingrid,Cranz
Christos,Floras
Chrysostomos,Fotopoulos
Andreas,Leontaridis
Kiriakos,Sarlis
Nikiforos,Sakellariou
Nestoras,Fotiou
Ioannis,Xilaras
Ioannis,Exarchopoulos
Dimitrios,Sirigos
Philip,Giannopoulos
Ikaros,Roditis
Nikos,Georgiou
Elias,Panagiotou
Jason,Iliadis
Kostas,Hondros
George,Manes
Dimos,Lambrou
Faedon,Kostidis
Alexandros,Kassios
Leonidas,Yakoumakis
Andreas,Sotiriou
Konstantinos,Nicolaou
Petros,Doudis
Nikitas,Papadopoulos
Vassilis,Papadimou
Antigone,Giorgi
Alexia,Antonopoulou
Stella,Kostidou
Alice,Anastasiou
Ioanna,Andreou
Delia,Andreadis
Dionne,Angelis
Katherine,Sandris
Dora,Balli
Christina,Vanou
Helen,Barba
Sophia,Zografou
Phoebe,Delis
Konstantina,Roussou
Rania,Saka
Athina,Christou
Violeta,Christakou
Rita,Tsakiris
Isidora,Dimitriou
Iris,Christodoulou
Persa,Zisimopolou
Helen,Kondou
Niki,Demetriou
Nicolette,Demopoulou
Zoe,Drakou
Ori,Iton
Yonatan,Argov
Noam,Maoz
Itai,Gerbi
Yair,Berkovitz
Dor,Simhon
Asaf,Karten
Amitai,Uzan
Itamar,Epstein
Yoav,Barak
Eitan,Gonen
Guy,Oz
Shai,Shemesh
Gil,Gabbai
Yaron,Misha
Ido,Rozen
Daniel,Melamed
Ben,Kofman
Yinon,Hanan
Miki,Glober
Avri,Grin
Hagai,Kopelman
Aviv,Shapiro
Elad,Gal
Meitar,Rokach
Noa,Har-Paz
Shir,Rosenstein
Inbal,Katz
Noya,Steinberg
Hila,Silver
Shaked,Beladev
Michal,Rosenstein
Maayan,Gold
Ella,Reuveni
Avigayil,Goldstein
Galit,Stavi
Shani,Bar-Niv
Hadar,Caspit
Tamar,Deutsch
Tali,Caspi
Hadas,Inbar
Dana,Meyerson
Hagar,Chazan
Dorit,Mendelssohn
Navah,Koren
Eden,Hirsch
Liraz,Ben-Meir
Maya,Meyerson
Tamar,Peled
Nava,Ben-David
Amit,Ved
Rajesh,Santoshi
Mohan,Narang
Darshan,Srivastava
Abhishek,Khurana
Raju,Rathore
Rajendra,More
Jayesh,Gupta
Prakash,Malviya
Prashant,Chourey
Dileep,Chaturvedi
Vinod,Santwani
Amol,Bhatnagar
Sanjay,Puranik
Mohan,Pandey
Akhilesh,Khare
Sanjay,Trivedi
Sushant,Bhargav
Abhinav,Ved
Madhur,Jain
Rahul,Shukla
Sunil,Kapoor
Sandeep,Benarjee
Bhupesh,Menon
Ajeet,Vasav
Rohini,Vasav
Meenakshi,Benjaree
Sheetal,Sahu
Chetana,Hegde
Shilpa,Bhatia
Neha,Benjaree
Karishma,Sinha
Shraddha,Parmar
Anshu,Benjaree
Reena,Shrivastav
Shweta,Chourasia
Vaishali,Purohit
Swarnika,Soni
Chandrika,Gupta
Monika,Nayak
Shakti,Menon
Lavanya,Mittal
Preeti,Rajdan
Meena,Dubey
Seema,Thapar
Rinki,Verma
Esha,Sastry
Manasi,Goyal
Richa,Choukse
Smiriti,Sisodiya
Amit,Ved
Rajesh,Santoshi
Mohan,Narang
Darshan,Srivastava
Abhishek,Khurana
Raju,Rathore
Rajendra,More
Jayesh,Gupta
Prakash,Malviya
Prashant,Chourey
Dileep,Chaturvedi
Vinod,Santwani
Amol,Bhatnagar
Sanjay,Puranik
Mohan,Pandey
Akhilesh,Khare
Sanjay,Trivedi
Sushant,Bhargav
Abhinav,Ved
Madhur,Jain
Rahul,Shukla
Sunil,Kapoor
Sandeep,Benarjee
Bhupesh,Menon
Ajeet,Vasav
Rohini,Vasav
Meenakshi,Benjaree
Sheetal,Sahu
Chetana,Hegde
Shilpa,Bhatia
Neha,Benjaree
Karishma,Sinha
Shraddha,Parmar
Anshu,Benjaree
Reena,Shrivastav
Shweta,Chourasia
Vaishali,Purohit
Swarnika,Soni
Chandrika,Gupta
Monika,Nayak
Shakti,Menon
Lavanya,Mittal
Preeti,Rajdan
Meena,Dubey
Seema,Thapar
Rinki,Verma
Esha,Sastry
Manasi,Goyal
Richa,Choukse
Smiriti,Sisodiya
Balint,Balla
Gabor ,Deak 
Krisztian,Biro
Andras,Balogh
Csaba,Budai
Peter,Fazekas
Zsolt,Feher
Mihaly,Fodor
Zoltan,Gal
Attila,Hegedus
Ferenc,Horvath
Kevin,Katona
Vince,Kiraly
Sandor,Magyar
Jozsef,Meszaros
Geza ,Nagy
Balazs ,Papp
Tivadar,Pataki
Laszlo,Racz
Endre,Barta
Janos,Szabo
Szabolcs,Szalai
Abel,Szucs
Zalan,Varadi
Krisztofer,Varga
Henrietta,Borbely
Timea,Boros
Szilvia,Farago
Ilona,Farkas
Borbala,Fekete
Agnes,Fulop
Katalin,Gulyas
Patricia,Kiss
Izabella,Gyenes
Diana,Kocsis
Barbara,Kovacs
Regina ,Sinku
Juliska,Mezey
Bianka,Nemeth
Fanni,Orosz
Brigitta,Pinter
Judit,Simon
Etelka,Somogyi
Zsuzsanna,Szilagyi
Margit,Takacs
Eszter,Toth
Zsofia,Torok
Tunde,Vegh
Noemi,Vincze
Rozalia,Voros
Andi,Dharmawan
Agus,Sumarto
Ardi,Cahyadi
Candra,Susila
Cecep,Sutresna
Dimas,Aditama
Jaka,Pratama
Yohan,Anggara
Agung,Raharjo
Taufik,Harahap
Abdul,Sukayat
Heru,Zulkarnain
Wahyu,Yuwana
Ari,Yunanto
Yayat,Sukayat
Bagas,Sulistya
Markus,Mulyadi
Ahmad,Firdaus
Welly,Maryadi
Andika,Rahmawan
Awi,Suyana
Samuel,Limpele
Mario,Simatupang
Syamsul,Tanjung
Nyoman,Ardana
Ajeng,Yovita
Sekar,Ningrum
Endang,Suciningsih
Kartika,Indarwati
Wiwin,Wulandari
Ratna,Wijayanti
Ratih,Winata
Paramita,Anggraini
Dewi,Febiana
Anisa,Rahmasari
Tyas,Darmastuti
Arina,Maharani
Arum,Citraloka
Diah,Nurmala
Aulia,Chaniago
Shinta,Dewati
Gadis,Sinulingga
Mayang,Damayanti
Sukma,Hidayati
Gita,Puspita
Yayuk,Widyastuti
Asti,Kirana
Bella,Adinda
Ulfa,Azzahra
Nur,Fatmawati
Diego,Sagese
Mattia,Trentini
Cataldo,Capon
Adalberto,Udinese
Gerardino,Longo
Benito,Dellucci
Quarantino,Esposito
Davide,Milano
Pio,Milanesi
Rinaldo,Iadanza
Lorenzo,Russo
Ermenegildo,Siciliani
Albertino,Mazzanti
Carmelo,Barese
Lodovico,Udinesi
Raffaele,Romani
Nazzareno,Romani
Benito,Romani
Diego,Conticini
Gianni,Castiglione
Calimero,Mazzanti
Lisandro,Milanesi
Benigno,Sabbatini
Gerolamo,Iadanza
Luca,Udinesi
Pupetta,Costa
Giorgia,Fanucci
Gerardina,Longo
Martina,Milani
Valeria,Lo Duca
Pierina,Mazzanti
Filippa,Bruno
Palmira,Loggia
Lelia,Genovese
Claudia,Mazzanti
Fabiola,Siciliano
Noemi,Lucchesi
Isotta,Pinto
Michela,Castiglione
Ortensia,Piazza
Rebecca,Baresi
Fiamma,Greco
Olga,Panicucci
Francesca,Lombo
Valeria,Romano
Pierina,Genovese
Isabella,Toscano
Imelda,Pagnotto
Irma,Palermo
Francesca,Bianchi
Jun,Uchida
Daiki,Matsumoto
Naoki,Kaneko
Riku,Nakano
Chishin,Takahashi
Ryuu,Yasuda
Takanori,Ito
Takuya,Miura
Takumi,Morita
Tatsuya,Tanaka
Yuu,Shibata
Yuuto,Maeda
Sota,Sakai
Akihito,Sato
Keita,Aoki
Chikao,Sasaki
Satoshi,Okamoto
Takuma,Hayashi
Dai,Nakamura
Daichi,Maruyama
Kenichiro,Harada
Daishiro,Ishida
Daiki,Tamura
Yua,Nishimura
Asuka,Uchida
Ayano,Harada
Yuna,Kaneko
Rin,Yamada
Kotone,Fukuda
Mayu,Tanaka
Miho,Kojima
Aya,Yoshida
Miu,Yamada
Miyu,Tanaka
Nanami,Nakayama
Momoko,Fujito
Riko,Suzuki
Shiori,Sakamoto
Yui,Ota
Yuuka,Aoki
Sakura,Murakami
Aika,Sato
Aiko,Watanabe
Yuna,Sakai
Saki,Yoshida
Ayame,Yamamoto
Aoi,Hayashi
Abay,Ahaiuly
Abbas,Anarbaiuly
Bazarbay,Abildauly
Baymurat,Oteshuly
Gaziz,Isauly
Daniyar,Shakenuly
Abdi,Usenuly
Daulet,Nabiuly
Daulet,Musataiuly
Yerbota,Zhandosuly
Yerzhan,Kasymuly
Zhanat,Babaiuly
Daniyar,Isabekuly
Zamanbek,Yertaiuly
Izatbek,Nazaruly
Karim,Tursynuly
Kadyr,Sattaruly
Maksat,Sultanuly
Medet,Ahmetuly
Nasir,Isabaiuly
Nadir,Segizbaiuly
Nugman,Mukashuly
Orazbay,Ualіhanuly
Onerbek,Kurmanuly
Pazyl,Muhtaruly
Abira,Sharipkyzy
Asiya,Orazkyzy
Aliya,Taymankyzy
Asem,Satpaikyzy
Bayan,Saparkyzy
Bibigul,Sagatkyzy
Gauhar,Ospankyzy
Guldana,Nurpeiskyzy
Galima,Niyazkyzy
Damira,Musakyzy
Dariga,Kasimkyzy
Dinara,Karashkyzy
Zhazira,Kabakyzy
Zhanar,Zhuniskyzy
Zhibek,Yskakkyzy
Zamira,Yesimkyzy
Zeynep,Zhumalikyzy
Irada,Burkitbaikyzy
Kunsulu,Bekturkyzy
Kymbat,Bekzhankyzy
Lyazzat,Bazarbaykyzy
Laziza,Abdirashkyzy
Marzhan,Abdilkyzy
Meruert,Abishkyzy
Nazgul,Alikyzy
Chin-Young,Kang
Bong-Jin,Lee
Hyeonjoon,Jean
BaeSik,Kim
Chin-Hae,Jang
Chun-Mae,Kwon
Chin-Sik,Lim
Chul-Moo,Hwang
Chun-Woo,Song
Chung-Ho,Yoo
Dong-Sun,Hong
Dong-Yul,Mun
Hei-Jin,Eom
Gi-Ik,Son
Haneul,Yang
Hyun-Ki,Sim
Hyun-Ki,Yu
Ji-Hyun,Gwak
In-Joon,Noh
Minjoon,Yu
Jin-Min,Seong
Jihoo,Gu
Joonsuh,Ju
Yejoon,Na
Gook-Min,Ko
Ji-min,Jo
Seo-yun,Gang
Seo-hyeon,Chung
Ha-eun,Rim
Min-seo,Yi
Seo-hyun,Whang
Soo-bin,Gwon
Hye-Ri,Jung
Yea-eun,An
Yu-jin,Yu
Chin-Sun,Moon
Chung-Ae,Ryang
He-Ran,Nan
Min-Ji,Jee
Hee-Young,Shim
Hae-Won,Bai
Hyo-Sonn,Noh
Mi-Hi,Kwak
Mee-Yon,Hah
Mi-Ok,Sung
Myung-Ok,Yoo
Soon-Joo,Woo
Soon-Bok,Yim
Sun-Hi,Shin
Ji-min,An
Alfons,Vitols
Filips,Turins
Grigorijs,Sprogis
Filips,Vanags
Ilgonis,Purmals
Laimonis,Dumins
Laimonis,Skujins
Laimonis,Viksna
Maksims,Riekstins
Matiass,Polis
Niklavs,Kaneps
Nikolajs,Lusis
Niks,Dzenis
Nils,Aunins
Olafs,Paegle
Raimonds,Turins
Ritums,Podnieks
Sarmis,Celms
Sarmis,Saulitis
Kazimirs ,Roze
Stefans,Krievins
Stefans,Paegle
Teodors,Skujins
Teodors,Turins
Simons,Eglitis
Ronalds,Krievins
Georgijs,Baltins
Agrita,Krieva
Aira,Jaunzema
Aira,Zeltina
Aisma,Lapsa
Aleksandra,Lice
Alida,Zvirbule
Antra,Abola
Beatrise,Klavina
Daniela,Kanepa
Daina,Dumina
Darta,Krievina
Diana,Aunina
Edna,Krastina
Ella,Kreslina
Ida,Klavina
Everita,Zirne
Ida,Abolina
Ilga,Kaulina
Ilga,Zirne
Irbe,Kreslina
Irbe,Ziemele
Beatrise,Kruze
Izabella,Celma
Jausma,Bite
Alida,Kundzina
Henrikas,Martinkus
Darius,Miskinis
Dovydas,Mazeika
Bernardas,Mockus
Jokubas,Petkus
Augustinas,Petrauskas
Karolis,Balkus
Andrius,Zemaitis
Jonas,Vitkus
Adomas,Zukauskas
Paulius,Vaitkus
Petras,Balciunas
Leonas,Petronis
Gediminas,Matulis
Antanas,Adomaitis
Marijus,Bagdonas
Ricardas,Mickus
Danas,Barkus
Augustas,Backus
Azuolas,Norkus
Jurgis,Zukas
Pranciskus,Sukys
Samuelis,Melis
Robertas,Mickus
Linas,Saltis
Migle,Bockute
Margarita,Kairyte
Kotryna,Butkiene
Janina,Dargyte
Grazina,Januliene
Diana,Gabriene
Audra,Galiniene
Agne,Kubiliute
Stase,Kuliene
Ieva,Barkute
Ona,Grigaite
Emilija,Butkute
Elzbieta,Degutiene
Edita,Gabryte
Ausra,Gudaitiene
Urte,Launiute
Morta,Balciunaite
Ale,Laukaitiene
Marija,Kairiene
Monika,Dapkute
Andzelika,Juskaite
Laima,Baniene
Nastasija,Baltyte
Jadvyga,Lutkute
Anika,Markunaite
Ahmad,Firdaus
Fairus,Razali
Johan,Jamal
Adam,Hairuddin
Iskandar,Johari
Jeffry,Goh
Kenneth,Lam
Kelvin,Ong
Spencer,Tan
David,Kho
Rajesh,Chandran
Kumar,Muthusamy
Fahmi,Ibrahim
Andy,Ang
Peter,Teoh
Yusof,Kamaruddin
Ahmad,Syahrizal
Aiman,Ishak
Suresh,Hanafi
Viknesh,Singh
Osman,Hanafi
Ashril,Hussein
Gurpal,Krishnan
Ahmad,Hakiki
Jefferson,Lee
Nur,Liyana
Siti,Noraini
Siti,Atikah
Tiara,Hidayah
Nurul,Nadia
Jennia,Lim
Alice,Ng
Kelly,Tan
Christania,Lee
May,Wee
Priya,Nayar
Cynthia,Looi
Mary,Ong
Afifah,Hairuddin
Roshini,Arumuga
Fatin,Juwahir
Suhaila,Zulkifli
Yasmin,Faisal
Nurul,Izzati
Sivaneswari,Sivalingam
Mastura,Ibrahim
Noraini,Yahya
Belinda,Kaur
Hafizah,Muhammad
Jacynthia,Lee
Klemmet,Reiersen
Ulf,Vestre
Klaus,Ekeli
Stein,Emanuelsen
Tjodolv,Elvenes
Preben,Bjerklund
Jørgen,Hammersmark
Jan,Høvik
Kristian,Stensen
Gjermund,Edland
Ove,Hennum
Frank,Skarsrud
Bernt,Formo
Bjarne,Kollerud
Snorre,Kolstad
Fillip,Alvestad
Bjarte,Høgdal
Bjørn,Rosendal
Tore,Østrem
Finn,Andresen
Wilmer,Koch
Tormod,Åmodt
Jostein,Bergersen
Håvard,Simonsen
Egil,Hustoft
Ingjerd,Espeseth
Gunnveig,Bakke
Benedikte,Ringdal
Kjellaug,Stien
Helga,Hammeren
Guri,Holter
Iselin,Pilskog
Josefine,Karlsen
Linda,Skistad
Nanette,Langen
Stine,Romund
Inga,Arnfinsen
Edith,Wangen
Julie,Simonsen
Eline,Barstad
Benedicte,Hennum
Katja,Myrdal
Frøydis,Kås
Gunvor,Svensli
Pernille,Hareide
Amanda,Haraldsen
Gitte,Olsen
Susanne,Hegg
Randveig,Skretting
Johanne,Balstad
Dominik,Michalski
Jakub,Zawadzki
Roman,Ostrowski
Jerzy,Pawlak
Sebastian,Kowalczyk
Pawel,Nowakowski
Piotr,Tomaszewski
Maciej,Dudek
Adrian,Kowalczyk
Wojciech,Borkowski
Szymon,Wozniak
Jan,Kozlowski
Piotr,Kucharski
Jacek,Kalinowski
Mikolaj,Dabrowski
Marek,Pawlowski
Jakub,Maciejewski
Jakub,Wysocki
Szymon,Michalski
Blazej,Wozniak
Tomasz,Czarnecki
Jan,Michalski
Maciej,Czarnecki
Filip,Majewski
Artur,Wieczorek
Irena,Jaworska
Krystyna,Sokolowska
Milena,Kowalska
Lucja,Dudziak
Hanna,Kwiatkowska
Klara,Nowicka
Beata,Kowalska
Beata,Szymanska
Elzbieta,Ostrowska
Dominika,Sobczak
Dominika,Kowalczyk
Agnieszka,Wysocka
Anna,Ostrowska
Joanna,Krawczyk
Lidia,Nowakowska
Kaja,Szczepanska
Justyna,Wojciechowska
Zofia,Wisniewska
Luiza,Baginska
Maria,Piotrowska
Joanna,Dabrowska
Adrianna,Kucharska
Hanna,Jasinska
Hanna,Kucharska
Joanna,Wozniak
Guilherme,Sarmento
Samuel,Ferreira
Jorge,Andrade
Tiago,Ribeiro
Francisco,Sousa
Rodrigo,Botas
Samuel,Costa
Bernardo,Cardoso
Afonso,Faria
Luis,Rodrigues
Bruno,Torres
Artur,Cunha
Joao,Teixeira
Diogo,Cunha
Filipe,Oliveira
Tomas,Mota
Alexandre,Azevedo
Afonso,Santos
Gustavo,Dias
Mateus,Vaz
Duarte,Martins
Vitor,Neves
Goncalo,Almeida
Andre,Barbosa
Miguel,Cardoso
Pedro,Goncalves
Vinicius,Monte
Paulo,Araujo
Diogo,Martins
Vinicius,Goncalves
Vitor ,Schmidt
Davi,Barros
Marcio,Alvez
Alberto,Ramos
Antonio,Teixeira
Humberto,Nascimento
Eduardo ,Gomes
Marcelo,Costa
Donato,Dias
Nicolau,Mendes
Julio,Pinto
Ricardo,Cavalcanti
Carlos,Lima
Marco,Correa
Henrique,Castro
Valerio,Pereira
Mateus,Rodrigues
Matheus,Silva
Fabio,Pena
Henrique,Cunha
Brenda,Fernandes
Clara,Barbosa
Lara,Cardoso
Maria Eduarda,Schmidt
Marina,Azevedo
Yasmin,Correia
Laura,Cunha
Eduarda,Dias
Mila,Moraes
Beatriz,Schmidt
Bruna,Alves
Leila,Goncalves
Yara,Lima
Leticia,Cavalcanti
Manuela,Torres
Melissa,Mello
Elza,Pereira
Giovanna,Costa
Valentina,Rodrigues
Alice,Pena
Karolina,Rocha
Julieta,Oliveira
Sara,Melo
Manuela,Ribeiro
Gabrielle,Goncalves
Iustin,Munteanu
Alexandru,Niculescu
Andrei,Pescariu
Alin,Olteanu
Eugen,Munteanu
Gabriel,Nastase
Emil,Moldovan
Bogdan ,Petrescu
Valentin,Niculescu
Anton,Parvu
Valeriu,Nechita
Andrei,Costache
Anton,Stanescu
Bogdan ,Spirlea 
Aurel,Serbanescu
Cornel,Moldovan
Calin,Tudor
Valeriu,Preda
Emil,Antonescu
Cosmin,Vlad
Cezar,Urzica
Gabriel,Bratianu
Eugen,Banica
Stefan,Milea
Vlad,Preda
Mirela,Ionescu
Catalina,Blaga
Anca,Boroi
Camelia,Banica
Cosmina,Codreanu
Ileana,Stanescu
Ioana,Costache
Ecaterina,Chirila
Magda,Florea
Marcela,Moldovan
Cipriana,Niculescu
Crina,Codreanu
Ana,Melinte
Marta,Grasu
Victoria,Ene
Laura,Munteanu
Ioana,Cornea
Andreea ,Bojin 
Iulia,Stanescu
Iuliana,Dumitrescu
Roxana,Olteanu
Veronica,Stanescu
Virginia,Mateescu
Andreea,Chirila
Anca,Preda
Gregory,Avdeev
Artem,Kuznetsov
Sergei,Zaitsev
Gregory,Ivanov
Timofei,Ignatyev
Vitaly,Tokaryev
Kirill,Kryukov
Yuri,Bogdanov
Maksim,Izmaylov
Pavel,Bezrukov
Ivan,Voronkov
Athanasy,Bykov
Victor,Degtyarev
Innocenty,Popov
Ilya,Glazkov
Alexey,Vinogradov
Nikita,Zhdanov
Rodion,Kovalev
Victor,Ignatiev
Andrey,Glazkov
Dmitry,Degtyarev
Semyon,Maslov
Gleb,Seleznyov
Vasily,Butusov
Nikolai,Belyh
Regina,Pokrovskaya
Oksana,Zuyeva
Liliya,Medvedeva
Anastasiya,Sazonova
Martha,Artemyeva
Alexandra,Voronova
Valentina,Alexandrova
Anna,Yermolayeva
Yelizaveta,Polyakova
Sofiya,Seleznyova
Nadezhda,Kolesnikova
Anastasiya,Lebedeva
Evgeniya,Maslova
Elena,Matveyeva
Dariya,Belyakova
Katerina,Kovaleva
Arina,Ivanova
Lina,Komarova
Svetlana,Konovalova
Lilith,Kuzmina
Polina,Koltsova
Ruslana,Ankudinova
Alina,Kovaleva
Tatiana,Seleznyova
Alla,Terekhina
Mihajlo,Balasevic
Ljubomir,Blagojevic
Mihailo,Cosic
Radmilo,Bogic
Blagoje,Jugovic
Josif,Brkic
Ilija,Cvijic
Bratislav,Tomic
Obrad,Gavrilovic
Pavle,Dorovic
Dusan,Govedarica
Nemanja,Milatovic
Dimitrije,Mihajlovic
Dejan,Markovic
Dragan,Jovanovic
Bojan,Maric
Luka,Macura
Nebojsa,Stankovic
Nenad,Jovovic
Dorde,Jokanovic
Predrag,Kojic
Srecko,Tesic
Stevan,Danicic
Slobodan,Raskovic
Sava,Jevtic
Mirjana,Ralevic
Radmila,Jevtic
Biljana,Raskovic
Tijana,Stankovic
Dragoslava,Simovic
Dunja,Vukovic
Snezana,Todorovic
Nada,Stojadinovic
Milinka,Vasiljevic
Adrijana,Milutinovic
Jovanka,Obradovic
Dragana,Lazic
Jovana,Knezevic
Sara,Mladenovic
Ljubica,Stojsic
Sofija,Milic
Ana,Milankovic
Nina,Koljevic
Jovana,Popov
Milica,Zujovic
Natasa,Lekovic
Slavica,Savicevic
Maša,Jovic
Valerija,Blagojevic
Dejana,Solevic
Mihajlo,Balasevic
Ljubomir,Blagojevic
Mihailo,Cosic
Radmilo,Bogic
Blagoje,Jugovic
Josif,Brkic
Ilija,Cvijic
Bratislav,Tomic
Obrad,Gavrilovic
Pavle,Dorovic
Dusan,Govedarica
Nemanja,Milatovic
Dimitrije,Mihajlovic
Dejan,Markovic
Dragan,Jovanovic
Bojan,Maric
Luka,Macura
Nebojsa,Stankovic
Nenad,Jovovic
Dorde,Jokanovic
Predrag,Kojic
Srecko,Tesic
Stevan,Danicic
Slobodan,Raskovic
Sava,Jevtic
Mirjana,Ralevic
Radmila,Jevtic
Biljana,Raskovic
Tijana,Stankovic
Dragoslava,Simovic
Dunja,Vukovic
Snezana,Todorovic
Nada,Stojadinovic
Milinka,Vasiljevic
Adrijana,Milutinovic
Jovanka,Obradovic
Dragana,Lazic
Jovana,Knezevic
Sara,Mladenovic
Ljubica,Stojsic
Sofija,Milic
Ana,Milankovic
Nina,Koljevic
Jovana,Popov
Milica,Zujovic
Natasa,Lekovic
Slavica,Savicevic
Maša,Jovic
Valerija,Blagojevic
Dejana,Solevic
Adam,Horvath
Jan,Kovac
Ondrej,Novak
Michal,Balog
Martin,Balaz
Jakub,Varga
Samuel,Krajcovic
Tomas,Lukac
Lukas,Molnar
Jozef,Kralik
Milan,Blahos
Stefan,Beno
Filip,Kapusta
Pavol,Sloboda
Matus,Polak
Miroslav,Oravec
Rastislav,Moravcik
Dusan,Sykora
Marek,Hudec
Roman,Polakovic
Matej,Gajdos
Igor,Konecny
Peter,Pokorny
Frantisek,Mraz
Vladimir,Zeman
Anna,Horvathova
Maria,Kovacova
Zuzana,Novakova
Katarina,Balogova
Jana,Balazova
Ema,Vargova
Eva,Krajcovicova
Andrea,Lukacova
Natalia,Molnarova
Julia,Kralikova
Lucia,Blahosova
Miroslava,Benova
Elena,Kapustova
Margita,Slobodova
Alena,Polakova
Lenka,Oravcova
Helena,Moravcikova
Hana,Sykorova
Dana,Hudecova
Klara,Polakovicova
Michaela,Gajdosova
Jarmila,Konecna
Kristina,Pokorna
Viktoria,Mrazova
Laura,Zemanova
Franc,Novak
Janez,Horvat
Anton,Kovacic
Ivan,Krajnc
Jozef,Zupancic
Andrej,Kovac 
Marko,Potocnik
Joze,Mlakar
Marjan,Vidmar
Peter,Kos
Milan,Golob
Matej,Turk
Tomaz,Bozic
Branko,Kralj
Stanislav,Korosec
Luka,Zupan
Ales,Bizjak
Bojan,Hribar
Robert,Kotnik
Bostjan,Rozman
Rok,Kavcic
Matjaz,Petek
Gregor,Kastelic
Martin,Oblak
Miha,Zagar
Marija,Kolar
Ana,Hocevar
Maja,Kosir
Irena,Koren
Mojca,Klemencic
Mateja,Zajc
Natasa,Medved
Jozefa,Knez
Nina,Petric
Barbara,Pirc
Jozica,Zupanc
Andreja,Hrovat
Petra,Pavlic
Franciska,Kuhar
Katja,Lah
Ivana,Ursic
Anja,Sever
Sonja,Zorko
Milena,Tomazic
Katarina,Babic
Tatjana,Erjavec
Tanja,Jerman
Alenka,Jereb
Terezija,Majcen
Majda,Pusnik
David,Serna
Miguel,Torrez
Sergio,Valladares
Victor,Alcala
Alvaro,Almaraz
Cecilio,Casanova
Jorge,Montoya
Federico,Tercedor
Liberto,Valentin
Asier,Fontiveros
Oscar,Godinez
Jeremias,Espinosa
Carlos,Tijerina
Nicolas,Valentín
Bartolome,Castellanos
Ivan,Mota
Alberto,Tercedor
Pedro,Armijo
Carlos,Matias
Pelayo,Valentin
Alberto,Hermosilla
Cristobal,Valentin
Guillermo,Rodarte
Andres,Delgadillo
Iker,Arteaga
Naiara,Padilla
Eulalia,Teran
Isabel,Robledo
Beatriz,Melgar
Marina,Rodriguez
Carlota,Melgar
Veronica,Fuentes
Larissa,Sevilla
Desire,Mendoza
Julia,Linares
Maria,Zelaya
Candela,Arrais
Dalia,Pelayo
Claudia,Olivares
Leticia,Terrazas
Paula,Nunez
Nuria,Acevedo
Edurne,Chavez
Marta,Galvan
Nerea,Nunez
Marina,Robledo
Elvira,Cano
Laura,Melgar
Cristina,Echevarria
Alejandra,Arellano
Jens,Persson
Max,Lindgren
Artur,Nyberg
Christian,Forsberg
Josef,Nilsson
Noel,Svensson
Kalle,Söderberg
Erik,Axelsson
Mattias,Mattsson
Sami,Åkesson
Egon,Nilsson
Tim,Nyström
Jesper,Jakobsson
Niklas,Bengtsson
Kettil,Berggren
Omar,Bergman
Allan,Sandberg
Anthon,Berggren
Marc,Göransson
Yusuf,Jansson
Viktor,Magnusson
Staffan,Bergqvist
Alexander,Lund
Mark,Johansson
Willy,Mårtensson
Sofie,Carlsson
Stella,Johansson
Hillevi,Bengtsson
Ruth,Olsson
Nancy,Engström
Selma,Nyberg
Selma,Åstrom
Martina,Mattsson
Diana,Bergqvist
Gabriella,Göransson
Veronika,Berg
Medina,Petersson
Mikaela,Jakobsson
Naima,Larsson
Erna,Nilsson
Sanna,Hansson
Ulrika,Björk
Jeanette,Berggren
Sarah,Andersson
Elisabeth,Eriksson
Martina,Lundberg
Mira,Magnusson
Aylin,Lundgren
Malin,Lind
Anna,Hedlund
Akkarat,Leelapun
Chaiyond,Thammanon
Kiettisuk,Pornpradub
Jettrin,Vijitwanitch
Krit,Puntasima
Kittikorn,Pornpipatpong
Paradorn,Rojanong
Niwat,Punyawong
Patchara,Sakda
Chuan,Suttirat
Sunya,Verawatra
Daeng,Srisopa
Suchaow,Somwanna
Chati,Songprawati
Damrong,Sriwarunyu
Dusit,Submongkon
Klaharn,Suttirat
Mano,Tuntayakul
Kwanchai,Thumying
Nopparat,Udomprecha
Panit,Rattanakoson
Prasong,Wattanapanit
Nopadon,Santisakul
Preecha,Nantakarn
Punyaa,Mookjai
Duangrat,Supitayaporn
Chanoknat,Santisakul
Budsaba,Praphasirirat
Amporn,Boonluang
Nattaporn,Mookjai
Nuntida,Wilapana
Orapan,Suramongkol
Chantana,Wattana
Patsaporn,Tippawan
Pimchanok,Orawan
Premwadee,Oraphan
Promporn,Neungluthai
Sangrawee,Aromdee
Suttida,Bunyasarn
Akaraporn,Chaiprasit
Sunisa,Atitarn
Chayapa,Chaisurivirat
Dollaya,Kadesadayurat
Chaniporn,Jetjirawat
Chompunut,Wattana
Khajee,Kitjakarn
Kwanjai,Kongkatitum
Malee,Kongsangchai
Naiyana,Kanakorn
Naowarat,Kurusarttra
Abdullah,Kurt
Ahmet,Ozturk
Ali,Yilmaz
Halit,Gungor
Engin,Oguz
Faruk,Gunes
Fatih,Kara
Faruk,Keskin
Hasan,Aydin
Huseyin,Ozdemir
Ibrahim,Kaya
Taner,Keskin
Mahmut,Koc
Mehmet,Yildirim
Murat,Arslan
Mustafa,Yildiz
Omer,Dogan
Osman,Sahin
Ozgur,Tekin
Ramazan,Kilic
Recep,Simsek
Salih,Ozkan
Turgay,Elmas
Vedat,Gumus
Yusuf,Celik
Pinar,Karaca
Demet,Simsek
Deniz,Acar
Elif,Yildiz
Emel,Mert
Emine,Sahin
Aysu,Polat
Fadime,Dogan
Fatma,Yilmaz
Hacer,Cetin
Hanife,Celik
Hatice,Demir
Havva,Kara
Hulya,Tekin
Melis,Unal
Meltem,Gumus
Merve,Demir
Meryem,Ozturk
Ozlem,Kurt
Serife,Yildirim
Sultan,Ozdemir
Yasemin,Ozkan
Zehra,Aydin
Zeliha,Arslan
Zeynep,Koc
Volodymyr,Popovych
Bohdan,Koziar
Borys,Drubych
Ivan,Kolesnyk
Mykola,Koval
Pavlo,Polishchuk
Danylo,Holovnia
Heorhii,Babii
Oleksandr,Marianenko
Yevhen,Oliinyk
Yaroslav,Bahrii
Denys,Bondar
Kyrylo,Palianytsia
Dmytro,Tkachuk
Hryhorii,Dihtiar
Leonid,Marchenko
Roman,Moroz
Stepan,Kovalevskyi
Pavlo,Chumak
Vladyslav,Rudenko
Artem,Melnyk
Andrii,Panasenko
Oleh,Samoilenko
Oleksii,Shapko
Illia,Herasymenko
Olha,Tarasiuk
Tamara,Babych
Viktoriia,Shumenko
Yuliia,Hnatenko
Oksana,Boiko
Maryna,Shevchenko
Kateryna,Tyshchenko
Nadiia,Snihur
Svitlana,Lysenko
Alina,Oleksiienko
Yana,Petrenko
Liubov,Ivanchuk
Hanna,Cheburko
Oleksandra,Kovalchuk
Veronika,Bondarchuk
Dariia,Kochur
Bohdana,Vykhor
Vasylyna,Klymenko
Olha,Davydenko
Vira,Sokur
Yelyzaveta,Kobzar
Olena,Prutko
Antonina,Haponenko
Anastasiia,Kovalenko
Nataliia,Pushkar
Lap,Nguy
Cong,Huynh
Buu,Huynh
Ba,Doan
Cong,Lam
Binh,Quach
Dung,Ngo
Nghia,Chu
Hieu,Bui
Hao,Phan
Lap,Nguy
Hieu,Lai
Ca,Pho
Hoang,Lo
Dung,Cu
Hao,Doan
Hy,Cao
Sang,Trinh
Cuong,Doan
Ngai,Dinh
Nhan,Lai
Nghi,Doan
Chien,La
Dinh,Huynh
Nguyen,Lieu
Ca,Lai
Be,Pham
Hua,Hung
Chi,Lieu
Hanh,Trung
Hang,Pho
Hao,Banh
Kim,Cao
Kim Cuc,Chu
Kim-ly,Cu
Lan,Dam
Lang,Dao
Linh,Doan
Le,Do
Mai,Du
My,Ta
Ngoc,Thach
Ngoc Bich,Thai
Nguyet,Vanh
Nu,Banh
Phoung,Che
Quy,Cu
Sang,Dang
Tai,Dinh
Chau,Che
Teresa,Andrade
Rita,Santos
Constancia,Sousa
Emilia,Faria
Mariana,Correia
Beatriz,Macedo
Camila,Botelho
Estrela,Macedo
Constancia,Botas
Matilde,Cunha
Fernanda,Sarmento
Vitoria,Pereira
Margarida,Gouveia
Adriana,Mota
Julia,Martins
Luisa,Alves
Amalia,Cardoso
Adriana,Gomes
Mariana,Araujo
Ines,Vaz
Eduarda,Almeida
Barbara,Dias
Beatriz,Fernandes
Sofia,Gomes
Carla,Costa
